,total_transactions,total_spending,avg_amount,active_days,num_windows_used,weekly_avg_transactions,daily_avg_spending,lunch_ratio,count
高消费型,63.78181818181818,1222.4545454545455,19.182867936239248,53.54545454545455,7.654545454545454,5.936591623982838,22.77491922651249,0.5443717410340927,55
规律经济型,145.5242718446602,1867.9344660194174,12.841390563722689,92.96601941747574,7.990291262135922,7.824685493653918,20.08839309593155,0.6008426337990581,206
偶尔就餐型,29.88118811881188,378.52574257425744,12.70745642597217,27.584158415841586,6.851485148514851,5.369605908000339,13.64821841596727,0.6061591540098061,101
规律高消费型,93.6376811594203,1232.1152173913042,13.172595482856723,71.55797101449275,7.891304347826087,6.530505712046042,17.199343360012733,0.5783466417680501,138
