name,MAE,RMSE,MAPE
ARIMA,11.250335247364433,14.047614386493267,2.261831887717852
XGBoost,8.672740391322545,10.963773029213076,1.7325510588776263
