window_id,window_name,avg_interval,median_interval,p25,p75,std_interval,sample_count
W01,家常菜,180.62372227579556,139.0,62.0,269.0,146.95139849261457,5185
W02,面食,177.19513068385248,135.0,60.0,264.0,144.85780964373822,5586
W03,小炒,171.3259911894273,131.5,55.0,251.0,143.47552060025865,5902
W04,麻辣烫,171.59420772303596,133.0,56.0,256.0,141.8475669821995,6008
W05,饺子,185.28548387096774,149.0,65.0,275.0,145.99323461139085,4960
W06,盖浇饭,182.8592983779706,143.0,61.0,272.75,147.6358400364532,5302
W07,粥饼,176.8274047186933,136.0,60.0,264.0,144.4452503946385,5510
W08,特色档口,174.2124125874126,132.0,58.0,258.0,144.58969866999658,5720
