window_id,window_name,avg_interval,median_interval,p25,p75,std_interval,sample_count
W01,家常菜,167.90085795996185,125.0,55.0,247.0,141.78172055464012,3147
W02,面食,162.0558301831928,122.0,54.0,241.0,137.12776181391752,3439
W03,小炒,158.24098779449332,118.0,51.0,227.0,135.8996548353718,3523
W04,麻辣烫,158.7608756665731,119.0,53.0,233.0,134.40022345021066,3563
W05,饺子,173.7686739058901,137.0,60.0,259.0,139.22200407248044,3039
W06,盖浇饭,167.38233496332518,127.0,55.0,246.0,139.3809551444301,3272
W07,粥饼,160.98750726321907,121.0,54.0,233.0,135.95663879457956,3442
W08,特色档口,159.14505813953488,119.0,52.0,229.0,135.8878985415775,3440
