window_id,window_name,meal_period,avg_interval,median_interval,sample_count
W01,家常菜,午餐,167.90085795996185,125.0,3147
W02,面食,午餐,162.0558301831928,122.0,3439
W03,小炒,午餐,158.24098779449332,118.0,3523
W04,麻辣烫,午餐,158.7608756665731,119.0,3563
W05,饺子,午餐,173.7686739058901,137.0,3039
W06,盖浇饭,午餐,167.38233496332518,127.0,3272
W07,粥饼,午餐,160.98750726321907,121.0,3442
W08,特色档口,午餐,159.14505813953488,119.0,3440
